-- 레오플 견적 D1 스키마 + 셀프견적 기준 시드 데이터
-- 적용: wrangler d1 execute leople-estimate --remote --file=schema.sql
PRAGMA foreign_keys=ON;
DROP TABLE IF EXISTS submissions;
DROP TABLE IF EXISTS items;
DROP TABLE IF EXISTS sections;
DROP TABLE IF EXISTS rates;

CREATE TABLE sections(id INTEGER PRIMARY KEY, no INTEGER, name TEXT, grp TEXT, pick TEXT, sort INTEGER);
CREATE TABLE items(id TEXT PRIMARY KEY, section_id INTEGER, code TEXT, name TEXT, ctrl TEXT, mode TEXT, unit REAL, addflat REAL, maxc INTEGER, cu TEXT, options TEXT, sort INTEGER, active INTEGER DEFAULT 1, FOREIGN KEY(section_id) REFERENCES sections(id));
CREATE TABLE rates(id TEXT PRIMARY KEY, label TEXT, descr TEXT, val REAL, suf TEXT, sort INTEGER);
CREATE TABLE submissions(id INTEGER PRIMARY KEY AUTOINCREMENT, created_at TEXT, name TEXT, phone TEXT, email TEXT, area REAL, facade_type TEXT, selections TEXT, total REAL);

INSERT INTO sections(id,no,name,grp,pick,sort) VALUES(1,1,'골조공사','frame','one',0);
INSERT INTO sections(id,no,name,grp,pick,sort) VALUES(2,2,'외장마감','ext','one',1);
INSERT INTO sections(id,no,name,grp,pick,sort) VALUES(3,3,'지붕공사','roof','free',2);
INSERT INTO sections(id,no,name,grp,pick,sort) VALUES(4,4,'창호공사','win','free',3);
INSERT INTO sections(id,no,name,grp,pick,sort) VALUES(5,5,'단열공사','ins','free',4);
INSERT INTO sections(id,no,name,grp,pick,sort) VALUES(6,6,'전기 · 설비','mep','free',5);
INSERT INTO sections(id,no,name,grp,pick,sort) VALUES(7,7,'방수공사','water','free',6);
INSERT INTO sections(id,no,name,grp,pick,sort) VALUES(8,8,'목공·인테리어','carp','free',7);
INSERT INTO sections(id,no,name,grp,pick,sort) VALUES(9,9,'도배 · 도장','surf','free',8);
INSERT INTO sections(id,no,name,grp,pick,sort) VALUES(10,10,'바닥공사','floor','free',9);
INSERT INTO sections(id,no,name,grp,pick,sort) VALUES(11,11,'화장실·주방 타일','tile','free',10);
INSERT INTO sections(id,no,name,grp,pick,sort) VALUES(12,12,'가구공사','furn','free',11);
INSERT INTO sections(id,no,name,grp,pick,sort) VALUES(13,13,'가설공사','temp','free',12);
INSERT INTO sections(id,no,name,grp,pick,sort) VALUES(14,14,'건축 외 공사','extra','free',13);

INSERT INTO items(id,section_id,code,name,ctrl,mode,unit,addflat,maxc,cu,options,sort,active) VALUES('f_modular',1,'frame','모듈러공법 (경량철골)','radio','area',80,NULL,NULL,NULL,NULL,0,1);
INSERT INTO items(id,section_id,code,name,ctrl,mode,unit,addflat,maxc,cu,options,sort,active) VALUES('f_steel',1,'frame','철골공법 (H빔)','radio','area',120,NULL,NULL,NULL,NULL,1,1);
INSERT INTO items(id,section_id,code,name,ctrl,mode,unit,addflat,maxc,cu,options,sort,active) VALUES('f_rc',1,'frame','철근콘크리트조','radio','area',200,NULL,NULL,NULL,NULL,2,1);
INSERT INTO items(id,section_id,code,name,ctrl,mode,unit,addflat,maxc,cu,options,sort,active) VALUES('e_metal',2,'ext','메탈사이딩','radio','area',29,NULL,NULL,NULL,NULL,0,1);
INSERT INTO items(id,section_id,code,name,ctrl,mode,unit,addflat,maxc,cu,options,sort,active) VALUES('e_stuco',2,'ext','60T EPS 위 스타코플랙스 (비계공사별도)','radio','area',46,NULL,NULL,NULL,NULL,1,1);
INSERT INTO items(id,section_id,code,name,ctrl,mode,unit,addflat,maxc,cu,options,sort,active) VALUES('e_brick',2,'ext','점토벽돌 (기본)','radio','area',65,NULL,NULL,NULL,NULL,2,1);
INSERT INTO items(id,section_id,code,name,ctrl,mode,unit,addflat,maxc,cu,options,sort,active) VALUES('e_eps150',2,'ext','준불연 EPS샌드위치판넬 150T','radio','area',50,NULL,NULL,NULL,NULL,3,1);
INSERT INTO items(id,section_id,code,name,ctrl,mode,unit,addflat,maxc,cu,options,sort,active) VALUES('e_ceramic',2,'ext','세라믹사이딩 (하지작업포함)','radio','area',120,NULL,NULL,NULL,NULL,4,1);
INSERT INTO items(id,section_id,code,name,ctrl,mode,unit,addflat,maxc,cu,options,sort,active) VALUES('e_wallpanel',2,'ext','25T 불연 복합 wall panel','radio','area',60,NULL,NULL,NULL,NULL,5,1);
INSERT INTO items(id,section_id,code,name,ctrl,mode,unit,addflat,maxc,cu,options,sort,active) VALUES('e_stone',2,'ext','석공사 (돌붙임)','radio','area',65,NULL,NULL,NULL,NULL,6,1);
INSERT INTO items(id,section_id,code,name,ctrl,mode,unit,addflat,maxc,cu,options,sort,active) VALUES('r_shingle',3,'roof','이중그림자 슁글 (방수쉬트포함)','select','area',NULL,NULL,NULL,NULL,'[{"label":"선택 안 함","unit":0},{"label":"단면 경사지붕","unit":13.5},{"label":"박공지붕","unit":36}]',0,1);
INSERT INTO items(id,section_id,code,name,ctrl,mode,unit,addflat,maxc,cu,options,sort,active) VALUES('r_zinc',3,'roof','리얼징크','select','area',NULL,NULL,NULL,NULL,'[{"label":"선택 안 함","unit":0},{"label":"단면 경사지붕","unit":45},{"label":"박공지붕","unit":55}]',1,1);
INSERT INTO items(id,section_id,code,name,ctrl,mode,unit,addflat,maxc,cu,options,sort,active) VALUES('r_eps220',3,'roof','준불연 EPS샌드위치판넬 220T','check','area',82.5,NULL,NULL,NULL,NULL,2,1);
INSERT INTO items(id,section_id,code,name,ctrl,mode,unit,addflat,maxc,cu,options,sort,active) VALUES('w_pvc',4,'window','PVC 2중 창호','check','area',50,NULL,NULL,NULL,NULL,0,1);
INSERT INTO items(id,section_id,code,name,ctrl,mode,unit,addflat,maxc,cu,options,sort,active) VALUES('w_al',4,'window','알루미늄시스템창호','check','area',120,NULL,NULL,NULL,NULL,1,1);
INSERT INTO items(id,section_id,code,name,ctrl,mode,unit,addflat,maxc,cu,options,sort,active) VALUES('w_de',4,'window','독일식 PVC 시스템창호','check','area',95,NULL,NULL,NULL,NULL,2,1);
INSERT INTO items(id,section_id,code,name,ctrl,mode,unit,addflat,maxc,cu,options,sort,active) VALUES('w_sky',4,'window_sky','천창','unitcount','unitcount',NULL,NULL,20,NULL,'[{"label":"고정창","unit":100},{"label":"열리는 창","unit":140}]',3,1);
INSERT INTO items(id,section_id,code,name,ctrl,mode,unit,addflat,maxc,cu,options,sort,active) VALUES('w_flashing',4,'window_flashing','창호 후레슁','check','area',16,NULL,NULL,NULL,NULL,4,1);
INSERT INTO items(id,section_id,code,name,ctrl,mode,unit,addflat,maxc,cu,options,sort,active) VALUES('w_door',4,'entrance','현관문','select','flat',NULL,NULL,NULL,NULL,'[{"label":"선택 안 함","unit":0},{"label":"독일식시스템현관문","unit":350},{"label":"도어코코리아현관문","unit":150}]',5,1);
INSERT INTO items(id,section_id,code,name,ctrl,mode,unit,addflat,maxc,cu,options,sort,active) VALUES('w_store',4,'storage_door','창고문 (방화문기본)','count','count',35,NULL,20,NULL,NULL,6,1);
INSERT INTO items(id,section_id,code,name,ctrl,mode,unit,addflat,maxc,cu,options,sort,active) VALUES('w_airseal',4,'window_airseal','기밀시공 (저팽창우레탄폼, 팽창테이프 시공)','check','area',10,NULL,NULL,NULL,NULL,7,1);
INSERT INTO items(id,section_id,code,name,ctrl,mode,unit,addflat,maxc,cu,options,sort,active) VALUES('i_mat',5,'insulation','벽체 & 천정 단열재','select','area',NULL,NULL,NULL,NULL,'[{"label":"선택 안 함","unit":0},{"label":"무기질유리섬유","unit":15},{"label":"EPS준불연단열재","unit":55},{"label":"우레탄 폼","unit":36}]',0,1);
INSERT INTO items(id,section_id,code,name,ctrl,mode,unit,addflat,maxc,cu,options,sort,active) VALUES('m_elec',6,'electric','전기설비 (전기/통신/소방/기본LED조명)','check','area',35,NULL,NULL,NULL,NULL,0,1);
INSERT INTO items(id,section_id,code,name,ctrl,mode,unit,addflat,maxc,cu,options,sort,active) VALUES('m_light',6,'lighting','조명 브랜드/사양 선택','select','area',NULL,NULL,NULL,NULL,'[{"label":"기본 LED 조명 (전기설비 포함)","unit":0},{"label":"국산 일반 LED 패키지","unit":12,"material":8,"labor":3,"expense":1},{"label":"필립스 LED 패키지","unit":19.5,"material":14,"labor":4,"expense":1.5},{"label":"LG/삼성 고급 LED 패키지","unit":25,"material":18,"labor":5,"expense":2}]',1,1);
INSERT INTO items(id,section_id,code,name,ctrl,mode,unit,addflat,maxc,cu,options,sort,active) VALUES('m_plumb',6,'plumbing','배관설비 (난방/배관)','check','area',35,NULL,NULL,NULL,NULL,2,1);
INSERT INTO items(id,section_id,code,name,ctrl,mode,unit,addflat,maxc,cu,options,sort,active) VALUES('wp',7,'waterproof','방수 (화장실/테라스/베란다)개수','count','count',100,NULL,20,NULL,NULL,0,1);
INSERT INTO items(id,section_id,code,name,ctrl,mode,unit,addflat,maxc,cu,options,sort,active) VALUES('c_mold',8,'molding','몰딩공사','check','area',9.5,NULL,NULL,NULL,NULL,0,1);
INSERT INTO items(id,section_id,code,name,ctrl,mode,unit,addflat,maxc,cu,options,sort,active) VALUES('c_ceil',8,'ceiling','천정석고 2P','check','area',8,NULL,NULL,NULL,NULL,1,1);
INSERT INTO items(id,section_id,code,name,ctrl,mode,unit,addflat,maxc,cu,options,sort,active) VALUES('c_wall',8,'wall_board','벽면 석고2P','select','area',NULL,NULL,NULL,NULL,'[{"label":"선택 안 함","unit":0},{"label":"벽면석고 2P","unit":9},{"label":"OSB 8T+석고 1P","unit":18}]',2,1);
INSERT INTO items(id,section_id,code,name,ctrl,mode,unit,addflat,maxc,cu,options,sort,active) VALUES('c_tex',8,'ceiling_tex','천정텍스','check','area',7.5,NULL,NULL,NULL,NULL,3,1);
INSERT INTO items(id,section_id,code,name,ctrl,mode,unit,addflat,maxc,cu,options,sort,active) VALUES('c_abs',8,'abs_door','ABS도어 (문+틀+손잡이)','count','count',35,NULL,20,NULL,NULL,4,1);
INSERT INTO items(id,section_id,code,name,ctrl,mode,unit,addflat,maxc,cu,options,sort,active) VALUES('c_pocket',8,'pocket_door','포켓도어','count','count',55,NULL,20,NULL,NULL,5,1);
INSERT INTO items(id,section_id,code,name,ctrl,mode,unit,addflat,maxc,cu,options,sort,active) VALUES('c_luva',8,'luva','목재루바','select','area',NULL,NULL,NULL,NULL,'[{"label":"선택 안 함","unit":0},{"label":"고가","unit":28},{"label":"저가","unit":15}]',6,1);
INSERT INTO items(id,section_id,code,name,ctrl,mode,unit,addflat,maxc,cu,options,sort,active) VALUES('c_stair',8,'stair','계단공사','select','flat',NULL,NULL,NULL,NULL,'[{"label":"선택 안 함","unit":0},{"label":"고가","unit":750}]',7,1);
INSERT INTO items(id,section_id,code,name,ctrl,mode,unit,addflat,maxc,cu,options,sort,active) VALUES('p_wall',9,'wallpaper','도배','select','area',NULL,NULL,NULL,NULL,'[{"label":"선택 안 함","unit":0},{"label":"전체실크","unit":9},{"label":"전체합지","unit":5.6}]',0,1);
INSERT INTO items(id,section_id,code,name,ctrl,mode,unit,addflat,maxc,cu,options,sort,active) VALUES('p_paint',9,'paint','전체도장','check','area',18,NULL,NULL,NULL,NULL,1,1);
INSERT INTO items(id,section_id,code,name,ctrl,mode,unit,addflat,maxc,cu,options,sort,active) VALUES('fl',10,'floor','마루 & 장판 & 타일','select','area',NULL,NULL,NULL,NULL,'[{"label":"선택 안 함","unit":0},{"label":"원목마루","unit":34.5},{"label":"강마루","unit":12.65},{"label":"강화마루","unit":9.66},{"label":"강화마루 광폭","unit":7.475},{"label":"데코타일","unit":4.83},{"label":"장판 1.8T","unit":4.37},{"label":"장판 2.0T","unit":5.175},{"label":"장판 4.5T","unit":7.015},{"label":"폴리싱 타일","unit":12},{"label":"포세린 타일","unit":15}]',0,1);
INSERT INTO items(id,section_id,code,name,ctrl,mode,unit,addflat,maxc,cu,options,sort,active) VALUES('t_basic',11,'bath_basic','화장실 기본형 (보급형 도기류)','count','count',300,NULL,4,NULL,NULL,0,1);
INSERT INTO items(id,section_id,code,name,ctrl,mode,unit,addflat,maxc,cu,options,sort,active) VALUES('t_black',11,'bath_premium','화장실 블랙타입 (고급형)','count','count',500,NULL,4,NULL,NULL,1,1);
INSERT INTO items(id,section_id,code,name,ctrl,mode,unit,addflat,maxc,cu,options,sort,active) VALUES('t_kitchen',11,'kitchen_tile','주방타일','count','area_count',1.2,NULL,4,NULL,NULL,2,1);
INSERT INTO items(id,section_id,code,name,ctrl,mode,unit,addflat,maxc,cu,options,sort,active) VALUES('k_sink',12,'sink','싱크대','select','flat',NULL,NULL,NULL,NULL,'[{"label":"선택 안 함","unit":0},{"label":"2.4m 기준 ㅡ자형","unit":185},{"label":"3.2m 기준 ㅡ자형","unit":245},{"label":"2.4m 기준 ㄱ자형","unit":180},{"label":"3.2m 기준 ㄱ자형","unit":240}]',0,1);
INSERT INTO items(id,section_id,code,name,ctrl,mode,unit,addflat,maxc,cu,options,sort,active) VALUES('k_tall',12,'tall_cabinet','키큰장(600)+냉장고장(1000)','check','flat',80,NULL,NULL,NULL,NULL,1,1);
INSERT INTO items(id,section_id,code,name,ctrl,mode,unit,addflat,maxc,cu,options,sort,active) VALUES('k_shoes',12,'shoe_cabinet','신발장 (300mm = 1자)','count','count',18,NULL,20,'자',NULL,2,1);
INSERT INTO items(id,section_id,code,name,ctrl,mode,unit,addflat,maxc,cu,options,sort,active) VALUES('s_scaffold',13,'scaffold','가설공사','check','area',25,NULL,NULL,NULL,NULL,0,1);
INSERT INTO items(id,section_id,code,name,ctrl,mode,unit,addflat,maxc,cu,options,sort,active) VALUES('x_attic',14,'attic','다락공사 (평 입력)','areainput','areainput',220,NULL,NULL,NULL,NULL,0,1);
INSERT INTO items(id,section_id,code,name,ctrl,mode,unit,addflat,maxc,cu,options,sort,active) VALUES('x_deck',14,'deck','데크공사 (평 입력)','areaselect','areainput',NULL,NULL,NULL,NULL,'[{"label":"하드우드데크재","unit":60},{"label":"인조데크재","unit":60}]',1,1);
INSERT INTO items(id,section_id,code,name,ctrl,mode,unit,addflat,maxc,cu,options,sort,active) VALUES('x_water',14,'ext_water','외부수도공사','check','flat',100,NULL,NULL,NULL,NULL,2,1);
INSERT INTO items(id,section_id,code,name,ctrl,mode,unit,addflat,maxc,cu,options,sort,active) VALUES('x_temp',14,'temp_power','임시전기 및 한전계량기 인입비','check','flat',150,NULL,NULL,NULL,NULL,3,1);
INSERT INTO items(id,section_id,code,name,ctrl,mode,unit,addflat,maxc,cu,options,sort,active) VALUES('x_gas',14,'gas','가스인입비','check','flat',100,NULL,NULL,NULL,NULL,4,1);

INSERT INTO rates(id,label,descr,val,suf,sort) VALUES('indirect_labor','간접노무비','견적비용 × %',6,'%',0);
INSERT INTO rates(id,label,descr,val,suf,sort) VALUES('industrial_ins','산재보험료','견적비용 × %',1.28,'%',1);
INSERT INTO rates(id,label,descr,val,suf,sort) VALUES('employment_ins','고용보험료','견적비용 × %',0.09,'%',2);
INSERT INTO rates(id,label,descr,val,suf,sort) VALUES('safety','산업안전보건관리비','견적비용 × %',3.1,'%',3);
INSERT INTO rates(id,label,descr,val,suf,sort) VALUES('health_pension','건강·연금 보험료','견적비용 × %',1.3,'%',4);
INSERT INTO rates(id,label,descr,val,suf,sort) VALUES('general_mgmt','일반관리비','견적비용 × %',3,'%',5);
INSERT INTO rates(id,label,descr,val,suf,sort) VALUES('profit','이윤','견적비용 × %',8,'%',6);
INSERT INTO rates(id,label,descr,val,suf,sort) VALUES('vat','부가세','공급가액 × %',10,'%',7);
